N,Squares,Square roots,Factorials
2,4,1.4142135623730951,2
3,9,1.7320508075688772,6
4,16,2.0,24
5,25,2.23606797749979,120
6,36,2.449489742783178,720
7,49,2.6457513110645907,5040
8,64,2.8284271247461903,40320
13,169,3.605551275463989,6227020800
9,81,3.0,362880
